filename,true_label,ai_probability,prediction
real_0001.jpg,REAL,2.5922721761162393e-05,REAL
real_0002.jpg,REAL,1.531148336653132e-05,REAL
real_0003.jpg,REAL,3.196580564690521e-07,REAL
real_0004.jpg,REAL,0.007809837348759174,REAL
real_0005.jpg,REAL,1.7266595023102127e-05,REAL
real_0006.jpg,REAL,3.417519849335804e-07,REAL
real_0007.jpg,REAL,2.7032515390601475e-06,REAL
real_0008.jpg,REAL,4.118301148992032e-05,REAL
real_0009.jpg,REAL,6.708143337164074e-05,REAL
real_0010.jpg,REAL,3.212428418919444e-05,REAL
real_0011.jpg,REAL,0.00012559689639601856,REAL
real_0012.jpg,REAL,3.4983816021849634e-06,REAL
real_0013.jpg,REAL,4.204396464047022e-05,REAL
real_0014.jpg,REAL,0.0012396035017445683,REAL
real_0015.jpg,REAL,8.498483111907262e-06,REAL
real_0016.jpg,REAL,0.00014876938075758517,REAL
real_0017.jpg,REAL,1.6627285731374286e-05,REAL
real_0018.jpg,REAL,0.00031144818058237433,REAL
real_0019.jpg,REAL,0.00013572964235208929,REAL
real_0020.jpg,REAL,4.7754547267686576e-05,REAL
real_0021.jpg,REAL,0.009854271076619625,REAL
real_0022.jpg,REAL,0.006123718805611134,REAL
real_0023.jpg,REAL,0.0028824114706367254,REAL
real_0024.jpg,REAL,8.25117967906408e-05,REAL
real_0025.jpg,REAL,9.757271982380189e-06,REAL
real_0026.jpg,REAL,0.0003940668248105794,REAL
real_0027.jpg,REAL,5.3546857088804245e-05,REAL
real_0028.jpg,REAL,7.941900435071148e-07,REAL
real_0029.jpg,REAL,0.0002933177456725389,REAL
real_0030.jpg,REAL,2.1024739908170886e-05,REAL
real_0031.jpg,REAL,0.01840911991894245,REAL
real_0032.jpg,REAL,2.8807451144530205e-06,REAL
real_0033.jpg,REAL,1.5913589095362113e-06,REAL
real_0034.jpg,REAL,0.000287264323560521,REAL
real_0035.jpg,REAL,8.355131285497919e-05,REAL
real_0036.jpg,REAL,4.6252491301856935e-05,REAL
real_0037.jpg,REAL,4.644260116037913e-06,REAL
real_0038.jpg,REAL,5.9810994571307674e-05,REAL
real_0039.jpg,REAL,0.00023926468566060066,REAL
real_0040.jpg,REAL,0.016122739762067795,REAL
real_0041.jpg,REAL,4.61530034954194e-05,REAL
real_0042.jpg,REAL,6.0490742725960445e-06,REAL
real_0043.jpg,REAL,5.2814066293649375e-06,REAL
real_0044.jpg,REAL,1.0489202395547181e-05,REAL
real_0045.jpg,REAL,0.001569327199831605,REAL
real_0046.jpg,REAL,2.315240999450907e-05,REAL
real_0047.jpg,REAL,1.0478183867235202e-05,REAL
real_0048.jpg,REAL,8.45682188810315e-06,REAL
real_0049.jpg,REAL,0.006734327878803015,REAL
real_0050.jpg,REAL,7.1885710895003285e-06,REAL
real_0051.jpg,REAL,1.8009700397669803e-06,REAL
real_0052.jpg,REAL,1.280306378248497e-06,REAL
real_0053.jpg,REAL,4.721055302070454e-05,REAL
real_0054.jpg,REAL,3.0889063054928556e-05,REAL
real_0055.jpg,REAL,3.364106669323519e-05,REAL
real_0056.jpg,REAL,6.136052888905397e-06,REAL
real_0057.jpg,REAL,0.0002639875456225127,REAL
real_0058.jpg,REAL,4.788035948877223e-05,REAL
real_0059.jpg,REAL,1.4144908391244826e-06,REAL
real_0060.jpg,REAL,3.560120831025415e-06,REAL
real_0061.jpg,REAL,2.064786349365022e-05,REAL
real_0062.jpg,REAL,0.0027341789100319147,REAL
real_0063.jpg,REAL,4.1566643631085753e-05,REAL
real_0064.jpg,REAL,1.108503420255147e-05,REAL
real_0065.jpg,REAL,1.8512637325329706e-05,REAL
real_0066.jpg,REAL,0.002320599742233753,REAL
real_0067.jpg,REAL,3.0633993446826935e-05,REAL
real_0068.jpg,REAL,4.221748895361088e-05,REAL
real_0069.jpg,REAL,0.00016171918832696974,REAL
real_0070.jpg,REAL,3.7094387153047137e-06,REAL
real_0071.jpg,REAL,4.7205008968376205e-07,REAL
real_0072.jpg,REAL,2.308959301444702e-05,REAL
real_0073.jpg,REAL,0.15555645525455475,REAL
real_0074.jpg,REAL,0.3369183838367462,REAL
real_0075.jpg,REAL,4.9341739213559777e-05,REAL
real_0076.jpg,REAL,0.0029915457125753164,REAL
real_0077.jpg,REAL,2.3251805032487027e-05,REAL
real_0078.jpg,REAL,0.024503933265805244,REAL
real_0079.jpg,REAL,0.0003221120568923652,REAL
real_0080.jpg,REAL,0.0060705323703587055,REAL
real_0081.jpg,REAL,0.06795334815979004,REAL
real_0082.jpg,REAL,5.5895849072840065e-05,REAL
real_0083.jpg,REAL,0.00022856573923490942,REAL
real_0084.jpg,REAL,0.0006274631014093757,REAL
real_0085.jpg,REAL,0.0025132379960268736,REAL
real_0086.jpg,REAL,0.006367916706949472,REAL
real_0087.jpg,REAL,3.2261941669275984e-06,REAL
real_0088.jpg,REAL,7.477153849322349e-05,REAL
real_0089.jpg,REAL,0.001334047527052462,REAL
real_0090.jpg,REAL,4.795537620339019e-07,REAL
real_0091.jpg,REAL,1.5680021533626132e-05,REAL
real_0092.jpg,REAL,3.203800952178426e-05,REAL
real_0093.jpg,REAL,1.5323547586376662e-06,REAL
real_0094.jpg,REAL,0.0003504307533148676,REAL
real_0095.jpg,REAL,0.0008183405734598637,REAL
real_0096.jpg,REAL,2.4671797291375697e-05,REAL
real_0097.jpg,REAL,3.0513583624269813e-06,REAL
real_0098.jpg,REAL,7.030533311080944e-07,REAL
real_0099.jpg,REAL,0.0003568040847312659,REAL
real_0100.jpg,REAL,8.197363786166534e-05,REAL
real_0101.jpg,REAL,2.7087457056040876e-05,REAL
real_0102.jpg,REAL,0.00018059450667351484,REAL
real_0103.jpg,REAL,0.00023473890905734152,REAL
real_0104.jpg,REAL,4.966622668689524e-07,REAL
real_0105.jpg,REAL,3.4285451420146273e-06,REAL
real_0106.jpg,REAL,9.776907063496765e-06,REAL
real_0107.jpg,REAL,4.307118433644064e-05,REAL
real_0108.jpg,REAL,1.5517267456743866e-05,REAL
real_0109.jpg,REAL,0.00035400866181589663,REAL
real_0110.jpg,REAL,5.326882819645107e-05,REAL
real_0111.jpg,REAL,0.976123571395874,AI
real_0112.jpg,REAL,0.0004487361293286085,REAL
real_0113.jpg,REAL,5.864273589395452e-06,REAL
real_0114.jpg,REAL,0.00016380845045205206,REAL
real_0115.jpg,REAL,6.37154807918705e-05,REAL
real_0116.jpg,REAL,6.353448407026008e-05,REAL
real_0117.jpg,REAL,9.561676961311605e-07,REAL
real_0118.jpg,REAL,0.00019468538812361658,REAL
real_0119.jpg,REAL,1.2895487088826485e-05,REAL
real_0120.jpg,REAL,8.269966929219663e-05,REAL
real_0121.jpg,REAL,8.052469638641924e-06,REAL
real_0122.jpg,REAL,0.7918909192085266,AI
real_0123.jpg,REAL,6.67591011733748e-05,REAL
real_0124.jpg,REAL,0.000294610857963562,REAL
real_0125.jpg,REAL,0.0028205025009810925,REAL
real_0126.jpg,REAL,1.6115787730086595e-05,REAL
real_0127.jpg,REAL,0.0009807648602873087,REAL
real_0128.jpg,REAL,3.47412315022666e-05,REAL
real_0129.jpg,REAL,6.120231410022825e-05,REAL
real_0130.jpg,REAL,0.0010463912039995193,REAL
real_0131.jpg,REAL,9.460838191444054e-05,REAL
real_0132.jpg,REAL,2.366227590755443e-06,REAL
real_0133.jpg,REAL,0.0009700878290459514,REAL
real_0134.jpg,REAL,0.0978756994009018,REAL
real_0135.jpg,REAL,2.3567104108224157e-06,REAL
real_0136.jpg,REAL,0.08194505423307419,REAL
real_0137.jpg,REAL,0.039264507591724396,REAL
real_0138.jpg,REAL,1.3108690382068744e-06,REAL
real_0139.jpg,REAL,0.00041773190605454147,REAL
real_0140.jpg,REAL,6.144602139102062e-06,REAL
real_0141.jpg,REAL,0.10568647086620331,REAL
real_0142.jpg,REAL,2.9200720746302977e-05,REAL
real_0143.jpg,REAL,8.627804163552355e-06,REAL
real_0144.jpg,REAL,2.1768881197203882e-05,REAL
real_0145.jpg,REAL,1.9142988094245084e-05,REAL
real_0146.jpg,REAL,0.00017692605615593493,REAL
real_0147.jpg,REAL,0.00040615047328174114,REAL
real_0148.jpg,REAL,7.199811307145865e-07,REAL
real_0149.jpg,REAL,0.0007857722812332213,REAL
real_0150.jpg,REAL,0.00034964137012138963,REAL
real_0151.jpg,REAL,4.6551595005439594e-06,REAL
real_0152.jpg,REAL,0.0005630041705444455,REAL
real_0153.jpg,REAL,1.274984697374748e-05,REAL
real_0154.jpg,REAL,5.976913598715328e-06,REAL
real_0155.jpg,REAL,1.5313235053326935e-06,REAL
real_0156.jpg,REAL,4.8735373638919555e-06,REAL
real_0157.jpg,REAL,7.957290108606685e-06,REAL
real_0158.jpg,REAL,3.2740376809670124e-06,REAL
real_0159.jpg,REAL,1.2695902114501223e-05,REAL
real_0160.jpg,REAL,2.7392043193685822e-06,REAL
real_0161.jpg,REAL,0.0002936280216090381,REAL
real_0162.jpg,REAL,1.2143495951022487e-06,REAL
real_0163.jpg,REAL,0.004583270289003849,REAL
real_0164.jpg,REAL,0.14705291390419006,REAL
real_0165.jpg,REAL,9.50925732468022e-06,REAL
real_0166.jpg,REAL,9.213976568389626e-07,REAL
real_0167.jpg,REAL,0.0011420067166909575,REAL
real_0168.jpg,REAL,0.0014334850711748004,REAL
real_0169.jpg,REAL,0.017853403463959694,REAL
real_0170.jpg,REAL,0.05712035298347473,REAL
real_0171.jpg,REAL,4.105787957087159e-05,REAL
real_0172.jpg,REAL,7.972794264787808e-06,REAL
real_0173.jpg,REAL,0.0002389956352999434,REAL
real_0174.jpg,REAL,0.0004862950590904802,REAL
real_0175.jpg,REAL,4.386296950542601e-06,REAL
real_0176.jpg,REAL,0.0003498055739328265,REAL
real_0177.jpg,REAL,0.4910532832145691,AI
real_0178.jpg,REAL,2.9223460273897217e-07,REAL
real_0179.jpg,REAL,2.3860829969635233e-05,REAL
real_0180.jpg,REAL,0.0001539992226753384,REAL
real_0181.jpg,REAL,3.0918524771550437e-06,REAL
real_0182.jpg,REAL,0.0005650610546581447,REAL
real_0183.jpg,REAL,0.022844409570097923,REAL
real_0184.jpg,REAL,2.397112666585599e-06,REAL
real_0185.jpg,REAL,0.001087927259504795,REAL
real_0186.jpg,REAL,2.3168211100710323e-06,REAL
real_0187.jpg,REAL,7.133222970878705e-05,REAL
real_0188.jpg,REAL,5.846114618179854e-06,REAL
real_0189.jpg,REAL,0.007721616420894861,REAL
real_0190.jpg,REAL,0.00047843586071394384,REAL
real_0191.jpg,REAL,5.660869646817446e-06,REAL
real_0192.jpg,REAL,0.006994439754635096,REAL
real_0193.jpg,REAL,0.002119591925293207,REAL
real_0194.jpg,REAL,0.00018294673645868897,REAL
real_0195.jpg,REAL,0.0017777947941794991,REAL
real_0196.jpg,REAL,1.295247784582898e-05,REAL
real_0197.jpg,REAL,0.0014262592885643244,REAL
real_0198.jpg,REAL,0.00045576380216516554,REAL
real_0199.jpg,REAL,6.6758743741957005e-06,REAL
real_0200.jpg,REAL,4.640075349016115e-05,REAL
real_0201.jpg,REAL,4.9273792683379725e-05,REAL
real_0202.jpg,REAL,2.3804734155419283e-05,REAL
real_0203.jpg,REAL,0.38193172216415405,AI
real_0204.jpg,REAL,0.0013079085620120168,REAL
real_0205.jpg,REAL,0.0004449095285963267,REAL
real_0206.jpg,REAL,0.00013291044160723686,REAL
real_0207.jpg,REAL,4.688943226938136e-05,REAL
real_0208.jpg,REAL,0.0002605806803330779,REAL
real_0209.jpg,REAL,0.0010559754446148872,REAL
real_0210.jpg,REAL,6.119327008491382e-05,REAL
real_0211.jpg,REAL,6.54872419545427e-05,REAL
real_0212.jpg,REAL,0.0008151352521963418,REAL
real_0213.jpg,REAL,3.712832722158055e-06,REAL
real_0214.jpg,REAL,0.01056814007461071,REAL
real_0215.jpg,REAL,1.2539570889202878e-05,REAL
real_0216.jpg,REAL,0.09517254680395126,REAL
real_0217.jpg,REAL,5.950270497123711e-05,REAL
real_0218.jpg,REAL,4.5698881876887754e-05,REAL
real_0219.jpg,REAL,0.16681958734989166,REAL
real_0220.jpg,REAL,0.00011300257756374776,REAL
real_0221.jpg,REAL,4.785921919392422e-05,REAL
real_0222.jpg,REAL,4.4584114220924675e-05,REAL
real_0223.jpg,REAL,8.143758896039799e-05,REAL
real_0224.jpg,REAL,3.045674202439841e-05,REAL
real_0225.jpg,REAL,0.00024050730280578136,REAL
real_0226.jpg,REAL,1.7354848750983365e-05,REAL
real_0227.jpg,REAL,1.6479636542499065e-05,REAL
real_0228.jpg,REAL,3.2078598906082334e-06,REAL
real_0229.jpg,REAL,1.5031640941742808e-05,REAL
real_0230.jpg,REAL,7.129624464141671e-06,REAL
real_0231.jpg,REAL,3.64377160622098e-06,REAL
real_0232.jpg,REAL,2.5045237634913065e-06,REAL
real_0233.jpg,REAL,2.9947614166303538e-05,REAL
real_0234.jpg,REAL,1.820351144488086e-06,REAL
real_0235.jpg,REAL,0.00010609316814225167,REAL
real_0236.jpg,REAL,2.9753644412267022e-05,REAL
real_0237.jpg,REAL,4.037978942506015e-05,REAL
real_0238.jpg,REAL,0.0006056668935343623,REAL
real_0239.jpg,REAL,0.002268105512484908,REAL
real_0240.jpg,REAL,1.2985547073185444e-06,REAL
real_0241.jpg,REAL,0.0023839694913476706,REAL
real_0242.jpg,REAL,0.0007548878784291446,REAL
real_0243.jpg,REAL,0.002052060328423977,REAL
real_0244.jpg,REAL,0.00628621643409133,REAL
real_0245.jpg,REAL,2.990862185470178e-06,REAL
real_0246.jpg,REAL,0.001504047540947795,REAL
real_0247.jpg,REAL,3.3927078675333178e-06,REAL
real_0248.jpg,REAL,3.550474866642617e-05,REAL
real_0249.jpg,REAL,0.010952048934996128,REAL
real_0250.jpg,REAL,3.970316902268678e-05,REAL
real_0251.jpg,REAL,0.016809988766908646,REAL
real_0252.jpg,REAL,2.7971086637990084e-06,REAL
real_0253.jpg,REAL,0.002752959495410323,REAL
real_0254.jpg,REAL,0.0007407257799059153,REAL
real_0255.jpg,REAL,9.485906957706902e-06,REAL
real_0256.jpg,REAL,0.00020837661577388644,REAL
real_0257.jpg,REAL,4.465236634132452e-05,REAL
real_0258.jpg,REAL,0.0005260303732939065,REAL
real_0259.jpg,REAL,2.435818714729976e-06,REAL
real_0260.jpg,REAL,3.6391770663612988e-06,REAL
real_0261.jpg,REAL,7.570838533865754e-07,REAL
real_0262.jpg,REAL,0.001010121894069016,REAL
real_0263.jpg,REAL,0.006678857374936342,REAL
real_0264.jpg,REAL,0.00037627218989655375,REAL
real_0265.jpg,REAL,0.0016687432071194053,REAL
real_0266.jpg,REAL,7.22896947991103e-05,REAL
real_0267.jpg,REAL,2.7805551781057147e-06,REAL
real_0268.jpg,REAL,0.0012623288203030825,REAL
real_0269.jpg,REAL,8.105144843284506e-06,REAL
real_0270.jpg,REAL,0.00012469509965740144,REAL
real_0271.jpg,REAL,6.236735771381063e-06,REAL
real_0272.jpg,REAL,4.367358997114934e-06,REAL
real_0273.jpg,REAL,0.0008191913948394358,REAL
real_0274.jpg,REAL,0.0002286481176270172,REAL
real_0275.jpg,REAL,0.2777988016605377,REAL
real_0276.jpg,REAL,2.8755337552865967e-05,REAL
real_0277.jpg,REAL,0.0022341785952448845,REAL
real_0278.jpg,REAL,0.0011334950104355812,REAL
real_0279.jpg,REAL,9.28964072954841e-05,REAL
real_0280.jpg,REAL,0.002097372431308031,REAL
real_0281.jpg,REAL,7.380118768196553e-05,REAL
real_0282.jpg,REAL,5.443617283162894e-06,REAL
real_0283.jpg,REAL,2.058991594822146e-05,REAL
real_0284.jpg,REAL,2.992095460285782e-07,REAL
real_0285.jpg,REAL,0.0014541576383635402,REAL
real_0286.jpg,REAL,2.2838462143681681e-07,REAL
real_0287.jpg,REAL,0.17209923267364502,REAL
real_0288.jpg,REAL,1.9952789443777874e-05,REAL
real_0289.jpg,REAL,6.99194279150106e-05,REAL
real_0290.jpg,REAL,0.00010137189383385703,REAL
real_0291.jpg,REAL,2.2146218725538347e-06,REAL
real_0292.jpg,REAL,9.084320481633767e-06,REAL
real_0293.jpg,REAL,2.7167314328835346e-05,REAL
real_0294.jpg,REAL,5.238567609922029e-06,REAL
real_0295.jpg,REAL,0.056681010872125626,REAL
real_0296.jpg,REAL,1.7764778021955863e-06,REAL
real_0297.jpg,REAL,0.06345483660697937,REAL
real_0298.jpg,REAL,5.512758798431605e-05,REAL
real_0299.jpg,REAL,7.732872290944215e-06,REAL
real_0300.jpg,REAL,0.00039163368637673557,REAL
real_0301.jpg,REAL,2.89029412670061e-06,REAL
real_0302.jpg,REAL,0.0002997123228851706,REAL
real_0303.jpg,REAL,3.329312676214613e-05,REAL
real_0304.jpg,REAL,0.23403583467006683,REAL
real_0305.jpg,REAL,1.1762311260099523e-05,REAL
real_0306.jpg,REAL,1.675566272751894e-05,REAL
real_0307.jpg,REAL,3.8203383155632764e-05,REAL
real_0308.jpg,REAL,0.0063073947094380856,REAL
real_0309.jpg,REAL,1.9955987227149308e-05,REAL
real_0310.jpg,REAL,0.9701676368713379,AI
real_0311.jpg,REAL,0.0001749982766341418,REAL
real_0312.jpg,REAL,0.007121037691831589,REAL
real_0313.jpg,REAL,0.006849866826087236,REAL
real_0314.jpg,REAL,0.00016691071505192667,REAL
real_0315.jpg,REAL,1.724995490803849e-05,REAL
real_0316.jpg,REAL,0.005099000409245491,REAL
real_0317.jpg,REAL,5.635442357743159e-05,REAL
real_0318.jpg,REAL,0.0003170680720359087,REAL
real_0319.jpg,REAL,1.1228178664168809e-05,REAL
real_0320.jpg,REAL,0.0001459019404137507,REAL
real_0321.jpg,REAL,2.10222333407728e-05,REAL
real_0322.jpg,REAL,3.1945248792908387e-06,REAL
real_0323.jpg,REAL,0.0001615203800611198,REAL
real_0324.jpg,REAL,7.967642886796966e-05,REAL
real_0325.jpg,REAL,2.0044926714035682e-05,REAL
real_0326.jpg,REAL,3.622912345235818e-06,REAL
real_0327.jpg,REAL,0.0002272215933771804,REAL
real_0328.jpg,REAL,1.2005342796328478e-05,REAL
real_0329.jpg,REAL,5.402999522630125e-05,REAL
real_0330.jpg,REAL,4.7289089707192034e-05,REAL
real_0331.jpg,REAL,1.7737080497681745e-06,REAL
real_0332.jpg,REAL,0.000242777809035033,REAL
real_0333.jpg,REAL,2.994112492160639e-06,REAL
real_0334.jpg,REAL,3.3130099836853333e-06,REAL
real_0335.jpg,REAL,5.2739411330549046e-05,REAL
real_0336.jpg,REAL,1.3273930790091981e-06,REAL
real_0337.jpg,REAL,0.00046270235907286406,REAL
real_0338.jpg,REAL,0.0007129842415452003,REAL
real_0339.jpg,REAL,1.839125474134562e-07,REAL
real_0340.jpg,REAL,1.1134161468362436e-06,REAL
real_0341.jpg,REAL,0.00021938010468147695,REAL
real_0342.jpg,REAL,2.583486093499232e-06,REAL
real_0343.jpg,REAL,2.1727524654124863e-05,REAL
real_0344.jpg,REAL,2.4329606276296545e-06,REAL
real_0345.jpg,REAL,0.0010670664487406611,REAL
real_0346.jpg,REAL,1.4887971246935194e-06,REAL
real_0347.jpg,REAL,5.9301324654370546e-05,REAL
real_0348.jpg,REAL,3.937308520107763e-06,REAL
real_0349.jpg,REAL,5.124537437950494e-06,REAL
real_0350.jpg,REAL,0.00011954646470258012,REAL
real_0351.jpg,REAL,5.572882173510152e-07,REAL
real_0352.jpg,REAL,1.2177860298834275e-05,REAL
real_0353.jpg,REAL,7.69039397710003e-05,REAL
real_0354.jpg,REAL,7.514254320994951e-06,REAL
real_0355.jpg,REAL,0.0014648583019152284,REAL
real_0356.jpg,REAL,0.0015509016811847687,REAL
real_0357.jpg,REAL,1.4837164599157404e-05,REAL
real_0358.jpg,REAL,4.1160498653880495e-07,REAL
real_0359.jpg,REAL,7.594002909172559e-06,REAL
real_0360.jpg,REAL,7.30110798485839e-07,REAL
real_0361.jpg,REAL,0.001735525205731392,REAL
real_0362.jpg,REAL,2.582983870524913e-05,REAL
real_0363.jpg,REAL,0.05159633979201317,REAL
real_0364.jpg,REAL,0.00017395416216459125,REAL
real_0365.jpg,REAL,4.1553445043973625e-05,REAL
real_0366.jpg,REAL,0.0003575689042918384,REAL
real_0367.jpg,REAL,0.0053290496580302715,REAL
real_0368.jpg,REAL,1.6521147699677385e-05,REAL
real_0369.jpg,REAL,1.3007042070967145e-05,REAL
real_0370.jpg,REAL,4.1779294406296685e-05,REAL
real_0371.jpg,REAL,0.001493964227847755,REAL
real_0372.jpg,REAL,3.595649832277559e-05,REAL
real_0373.jpg,REAL,1.3047915672359522e-05,REAL
real_0374.jpg,REAL,1.7068918168661185e-05,REAL
real_0375.jpg,REAL,0.0007166365394368768,REAL
real_0376.jpg,REAL,0.0006067875074222684,REAL
real_0377.jpg,REAL,0.00010562951501924545,REAL
real_0378.jpg,REAL,6.49388937290496e-07,REAL
real_0379.jpg,REAL,1.6783367300376995e-06,REAL
real_0380.jpg,REAL,1.5053761671879329e-05,REAL
real_0381.jpg,REAL,2.270357435918413e-05,REAL
real_0382.jpg,REAL,0.002466863486915827,REAL
real_0383.jpg,REAL,2.033909913734533e-05,REAL
real_0384.jpg,REAL,7.017805501163821e-07,REAL
real_0385.jpg,REAL,1.880491618067026e-05,REAL
real_0386.jpg,REAL,5.009416054235771e-05,REAL
real_0387.jpg,REAL,1.3023347946727881e-06,REAL
real_0388.jpg,REAL,0.00010365148773416877,REAL
real_0389.jpg,REAL,1.8058226487482898e-05,REAL
real_0390.jpg,REAL,0.0025445520877838135,REAL
real_0391.jpg,REAL,0.08039331436157227,REAL
real_0392.jpg,REAL,0.000565565365832299,REAL
real_0393.jpg,REAL,2.8054437279934064e-06,REAL
real_0394.jpg,REAL,4.441674172994681e-05,REAL
real_0395.jpg,REAL,2.4549087811465142e-06,REAL
real_0396.jpg,REAL,1.2665783515330986e-06,REAL
real_0397.jpg,REAL,2.1879228370380588e-05,REAL
real_0398.jpg,REAL,0.000409041706006974,REAL
real_0399.jpg,REAL,0.001382073969580233,REAL
real_0400.jpg,REAL,0.00031504768412560225,REAL
real_0401.jpg,REAL,0.00012241679360158741,REAL
real_0402.jpg,REAL,4.817420995095745e-05,REAL
real_0403.jpg,REAL,7.44732517432567e-07,REAL
real_0404.jpg,REAL,0.0007890610140748322,REAL
real_0405.jpg,REAL,4.830702891922556e-06,REAL
real_0406.jpg,REAL,2.516681342967786e-05,REAL
real_0407.jpg,REAL,9.915491318679415e-06,REAL
real_0408.jpg,REAL,8.823294592730235e-06,REAL
real_0409.jpg,REAL,0.007793028838932514,REAL
real_0410.jpg,REAL,0.013104505836963654,REAL
real_0411.jpg,REAL,5.233559932094067e-05,REAL
real_0412.jpg,REAL,3.851237124763429e-05,REAL
real_0413.jpg,REAL,5.319517003954388e-05,REAL
real_0414.jpg,REAL,0.0001855888549471274,REAL
real_0415.jpg,REAL,7.591315807076171e-05,REAL
real_0416.jpg,REAL,1.9304794477648102e-05,REAL
real_0417.jpg,REAL,7.849153917049989e-05,REAL
real_0418.jpg,REAL,6.2277672441268805e-06,REAL
real_0419.jpg,REAL,0.005785482935607433,REAL
real_0420.jpg,REAL,6.53440147289075e-05,REAL
real_0421.jpg,REAL,0.0005240588216111064,REAL
real_0422.jpg,REAL,4.124392944504507e-05,REAL
real_0423.jpg,REAL,1.4752215065527707e-05,REAL
real_0424.jpg,REAL,0.3297359049320221,REAL
real_0425.jpg,REAL,2.6577856715448434e-06,REAL
real_0426.jpg,REAL,3.907071004505269e-06,REAL
real_0427.jpg,REAL,4.622792766895145e-05,REAL
real_0428.jpg,REAL,2.4361474061151966e-05,REAL
real_0429.jpg,REAL,1.923727359098848e-05,REAL
real_0430.jpg,REAL,8.71395313879475e-05,REAL
real_0431.jpg,REAL,2.2636529593000887e-06,REAL
real_0432.jpg,REAL,1.861517557699699e-05,REAL
real_0433.jpg,REAL,7.430197001667693e-06,REAL
real_0434.jpg,REAL,0.00029527590959332883,REAL
real_0435.jpg,REAL,3.017472045030445e-05,REAL
real_0436.jpg,REAL,0.00023296987637877464,REAL
real_0437.jpg,REAL,0.0013839593157172203,REAL
real_0438.jpg,REAL,2.416360018742125e-07,REAL
real_0439.jpg,REAL,1.4666980860056356e-05,REAL
real_0440.jpg,REAL,1.5531288681813749e-06,REAL
real_0441.jpg,REAL,0.012259109877049923,REAL
real_0442.jpg,REAL,0.0002961753052659333,REAL
real_0443.jpg,REAL,0.0001728383358567953,REAL
real_0444.jpg,REAL,2.3991208308871137e-06,REAL
real_0445.jpg,REAL,8.308137330459431e-05,REAL
real_0446.jpg,REAL,0.08056385070085526,REAL
real_0447.jpg,REAL,1.8928872123069596e-06,REAL
real_0448.jpg,REAL,0.00010332238889532164,REAL
real_0449.jpg,REAL,0.00014534249203279614,REAL
real_0450.jpg,REAL,7.648105565749574e-06,REAL
real_0451.jpg,REAL,0.0002841590321622789,REAL
real_0452.jpg,REAL,5.4731735872337595e-05,REAL
real_0453.jpg,REAL,5.84085955779301e-06,REAL
real_0454.jpg,REAL,5.678783782059327e-05,REAL
real_0455.jpg,REAL,5.734473688789876e-06,REAL
real_0456.jpg,REAL,0.000733097258489579,REAL
real_0457.jpg,REAL,0.09205880016088486,REAL
real_0458.jpg,REAL,0.00018374847422819585,REAL
real_0459.jpg,REAL,1.9308990886202082e-05,REAL
real_0460.jpg,REAL,2.531257996452041e-05,REAL
real_0461.jpg,REAL,1.2795622751582414e-05,REAL
real_0462.jpg,REAL,3.5977502648165682e-06,REAL
real_0463.jpg,REAL,0.00035035490873269737,REAL
real_0464.jpg,REAL,3.6957408156013116e-05,REAL
real_0465.jpg,REAL,0.0005365532706491649,REAL
real_0466.jpg,REAL,0.011185153387486935,REAL
real_0467.jpg,REAL,8.541462079847406e-07,REAL
real_0468.jpg,REAL,1.5376482451756601e-06,REAL
real_0469.jpg,REAL,7.010467470536241e-06,REAL
real_0470.jpg,REAL,4.795900167664513e-05,REAL
real_0471.jpg,REAL,0.0002194738481193781,REAL
real_0472.jpg,REAL,1.2560695722640958e-05,REAL
real_0473.jpg,REAL,5.173296813154593e-06,REAL
real_0474.jpg,REAL,4.9754613428376615e-05,REAL
real_0475.jpg,REAL,1.1228607036173344e-05,REAL
real_0476.jpg,REAL,0.0001221135607920587,REAL
real_0477.jpg,REAL,1.1876334610860795e-05,REAL
real_0478.jpg,REAL,5.1155107939848676e-05,REAL
real_0479.jpg,REAL,0.000426463462645188,REAL
real_0480.jpg,REAL,0.02059856802225113,REAL
real_0481.jpg,REAL,1.8046838476948324e-06,REAL
real_0482.jpg,REAL,0.0005232308176346123,REAL
real_0483.jpg,REAL,4.035952315462055e-06,REAL
real_0484.jpg,REAL,4.658258490053413e-07,REAL
real_0485.jpg,REAL,9.466874871577602e-06,REAL
real_0486.jpg,REAL,0.00014436844503507018,REAL
real_0487.jpg,REAL,0.0029173903167247772,REAL
real_0488.jpg,REAL,6.780793773941696e-05,REAL
real_0489.jpg,REAL,0.0006615587044507265,REAL
real_0490.jpg,REAL,2.3534857973572798e-05,REAL
real_0491.jpg,REAL,4.534384061116725e-06,REAL
real_0492.jpg,REAL,5.487761427502846e-06,REAL
real_0493.jpg,REAL,0.01988748274743557,REAL
real_0494.jpg,REAL,7.325767455768073e-06,REAL
real_0495.jpg,REAL,2.9944272682769224e-05,REAL
real_0496.jpg,REAL,2.9234993235149886e-06,REAL
real_0497.jpg,REAL,9.947646503860597e-06,REAL
real_0498.jpg,REAL,0.005062649492174387,REAL
real_0499.jpg,REAL,5.804187821922824e-05,REAL
real_0500.jpg,REAL,7.720991561654955e-05,REAL
ai_0001.jpg,AI,0.9993069171905518,AI
ai_0002.jpg,AI,0.0003227132838219404,REAL
ai_0003.jpg,AI,0.9608184695243835,AI
ai_0004.jpg,AI,0.9999808073043823,AI
ai_0005.jpg,AI,0.9999220371246338,AI
ai_0006.jpg,AI,0.00012392012285999954,REAL
ai_0007.jpg,AI,0.5848569273948669,AI
ai_0008.jpg,AI,0.02474069595336914,REAL
ai_0009.jpg,AI,0.9770470857620239,AI
ai_0010.jpg,AI,0.9935688972473145,AI
ai_0011.jpg,AI,0.10062962770462036,REAL
ai_0012.jpg,AI,0.9874629974365234,AI
ai_0013.jpg,AI,0.9992450475692749,AI
ai_0014.jpg,AI,0.6850968599319458,AI
ai_0015.jpg,AI,0.5428057312965393,AI
ai_0016.jpg,AI,0.9045928716659546,AI
ai_0017.jpg,AI,0.06439151614904404,REAL
ai_0018.jpg,AI,0.041259367018938065,REAL
ai_0019.jpg,AI,0.9880728125572205,AI
ai_0020.jpg,AI,0.982289731502533,AI
ai_0021.jpg,AI,0.014301025308668613,REAL
ai_0022.jpg,AI,0.6207619905471802,AI
ai_0023.jpg,AI,0.5925142765045166,AI
ai_0024.jpg,AI,0.99642014503479,AI
ai_0025.jpg,AI,0.8543020486831665,AI
ai_0026.jpg,AI,0.9997480511665344,AI
ai_0027.jpg,AI,0.261413037776947,REAL
ai_0028.jpg,AI,0.00046779398689977825,REAL
ai_0029.jpg,AI,0.7486256957054138,AI
ai_0030.jpg,AI,0.025335408747196198,REAL
ai_0031.jpg,AI,0.06912115216255188,REAL
ai_0032.jpg,AI,0.9747470617294312,AI
ai_0033.jpg,AI,0.9155716896057129,AI
ai_0034.jpg,AI,0.060615647584199905,REAL
ai_0035.jpg,AI,0.9918423891067505,AI
ai_0036.jpg,AI,0.1351443976163864,REAL
ai_0037.jpg,AI,0.5780938863754272,AI
ai_0038.jpg,AI,0.008817378431558609,REAL
ai_0039.jpg,AI,0.016803143545985222,REAL
ai_0040.jpg,AI,0.4594744145870209,AI
ai_0041.jpg,AI,0.022234149277210236,REAL
ai_0042.jpg,AI,0.026695000007748604,REAL
ai_0043.jpg,AI,0.16795670986175537,REAL
ai_0044.jpg,AI,0.8522223830223083,AI
ai_0045.jpg,AI,0.994401752948761,AI
ai_0046.jpg,AI,0.8860193490982056,AI
ai_0047.jpg,AI,0.9712626338005066,AI
ai_0048.jpg,AI,0.91664057970047,AI
ai_0049.jpg,AI,0.003472604090347886,REAL
ai_0050.jpg,AI,0.9629186391830444,AI
ai_0051.jpg,AI,0.9068943858146667,AI
ai_0052.jpg,AI,0.054353393614292145,REAL
ai_0053.jpg,AI,0.9536440968513489,AI
ai_0054.jpg,AI,0.9574544429779053,AI
ai_0055.jpg,AI,0.9988920092582703,AI
ai_0056.jpg,AI,0.2968529164791107,REAL
ai_0057.jpg,AI,0.8968489766120911,AI
ai_0058.jpg,AI,0.00651335995644331,REAL
ai_0059.jpg,AI,0.005474513862282038,REAL
ai_0060.jpg,AI,0.6330649256706238,AI
ai_0061.jpg,AI,0.12428539246320724,REAL
ai_0062.jpg,AI,0.3144356310367584,REAL
ai_0063.jpg,AI,0.7736327052116394,AI
ai_0064.jpg,AI,0.787905216217041,AI
ai_0065.jpg,AI,0.9424330592155457,AI
ai_0066.jpg,AI,0.8532161712646484,AI
ai_0067.jpg,AI,0.012103275395929813,REAL
ai_0068.jpg,AI,0.9647263288497925,AI
ai_0069.jpg,AI,0.9793151617050171,AI
ai_0070.jpg,AI,0.8713593482971191,AI
ai_0071.jpg,AI,0.9400690197944641,AI
ai_0072.jpg,AI,0.7823432087898254,AI
ai_0073.jpg,AI,0.0043160258792340755,REAL
ai_0074.jpg,AI,0.011038966476917267,REAL
ai_0075.jpg,AI,0.9154489040374756,AI
ai_0076.jpg,AI,0.9599769711494446,AI
ai_0077.jpg,AI,0.9992075562477112,AI
ai_0078.jpg,AI,0.9998809099197388,AI
ai_0079.jpg,AI,0.9779210686683655,AI
ai_0080.jpg,AI,0.9865763187408447,AI
ai_0081.jpg,AI,0.9971700310707092,AI
ai_0082.jpg,AI,0.9799127578735352,AI
ai_0083.jpg,AI,0.6321208477020264,AI
ai_0084.jpg,AI,0.5177124738693237,AI
ai_0085.jpg,AI,0.8120700120925903,AI
ai_0086.jpg,AI,0.9998772144317627,AI
ai_0087.jpg,AI,0.024891342967748642,REAL
ai_0088.jpg,AI,0.08470779657363892,REAL
ai_0089.jpg,AI,0.2627409100532532,REAL
ai_0090.jpg,AI,0.7710150480270386,AI
ai_0091.jpg,AI,0.9997091889381409,AI
ai_0092.jpg,AI,0.8200616836547852,AI
ai_0093.jpg,AI,0.9989959597587585,AI
ai_0094.jpg,AI,0.9544684886932373,AI
ai_0095.jpg,AI,0.6992000341415405,AI
ai_0096.jpg,AI,0.9984117746353149,AI
ai_0097.jpg,AI,0.005206161644309759,REAL
ai_0098.jpg,AI,0.9125803112983704,AI
ai_0099.jpg,AI,0.2683531939983368,REAL
ai_0100.jpg,AI,0.9662439227104187,AI
ai_0101.jpg,AI,0.03628609701991081,REAL
ai_0102.jpg,AI,0.9098408222198486,AI
ai_0103.jpg,AI,0.0839923545718193,REAL
ai_0104.jpg,AI,0.17837321758270264,REAL
ai_0105.jpg,AI,0.6010400056838989,AI
ai_0106.jpg,AI,0.033084459602832794,REAL
ai_0107.jpg,AI,0.6586176753044128,AI
ai_0108.jpg,AI,0.003369717625901103,REAL
ai_0109.jpg,AI,0.426593154668808,AI
ai_0110.jpg,AI,0.09071134030818939,REAL
ai_0111.jpg,AI,0.7955151796340942,AI
ai_0112.jpg,AI,0.8971807956695557,AI
ai_0113.jpg,AI,0.9811246395111084,AI
ai_0114.jpg,AI,0.8005680441856384,AI
ai_0115.jpg,AI,0.5400251150131226,AI
ai_0116.jpg,AI,0.07466758787631989,REAL
ai_0117.jpg,AI,0.6230186223983765,AI
ai_0118.jpg,AI,0.7074496746063232,AI
ai_0119.jpg,AI,0.7552692890167236,AI
ai_0120.jpg,AI,0.011585954576730728,REAL
ai_0121.jpg,AI,0.0011884424602612853,REAL
ai_0122.jpg,AI,0.9965819716453552,AI
ai_0123.jpg,AI,0.10396204888820648,REAL
ai_0124.jpg,AI,0.9703359007835388,AI
ai_0125.jpg,AI,0.0005858455551788211,REAL
ai_0126.jpg,AI,0.1434054970741272,REAL
ai_0127.jpg,AI,0.005340689327567816,REAL
ai_0128.jpg,AI,0.004384132567793131,REAL
ai_0129.jpg,AI,0.9917322397232056,AI
ai_0130.jpg,AI,0.003159155836328864,REAL
ai_0131.jpg,AI,0.03087124042212963,REAL
ai_0132.jpg,AI,0.01705385185778141,REAL
ai_0133.jpg,AI,0.9434666037559509,AI
ai_0134.jpg,AI,0.8053324818611145,AI
ai_0135.jpg,AI,0.9986287355422974,AI
ai_0136.jpg,AI,0.7498781085014343,AI
ai_0137.jpg,AI,0.09757152199745178,REAL
ai_0138.jpg,AI,0.9878953695297241,AI
ai_0139.jpg,AI,0.45353132486343384,AI
ai_0140.jpg,AI,0.027310291305184364,REAL
ai_0141.jpg,AI,0.4195975661277771,AI
ai_0142.jpg,AI,0.18414302170276642,REAL
ai_0143.jpg,AI,0.8081465363502502,AI
ai_0144.jpg,AI,0.9793863892555237,AI
ai_0145.jpg,AI,0.37895575165748596,AI
ai_0146.jpg,AI,0.9920158386230469,AI
ai_0147.jpg,AI,0.5029100775718689,AI
ai_0148.jpg,AI,0.003058337140828371,REAL
ai_0149.jpg,AI,0.9876204133033752,AI
ai_0150.jpg,AI,0.03701336681842804,REAL
ai_0151.jpg,AI,0.9747982621192932,AI
ai_0152.jpg,AI,0.016322249546647072,REAL
ai_0153.jpg,AI,0.5476500391960144,AI
ai_0154.jpg,AI,0.9296011924743652,AI
ai_0155.jpg,AI,0.5628749132156372,AI
ai_0156.jpg,AI,0.9988259673118591,AI
ai_0157.jpg,AI,0.008648130111396313,REAL
ai_0158.jpg,AI,0.04236459732055664,REAL
ai_0159.jpg,AI,0.02821239084005356,REAL
ai_0160.jpg,AI,0.86150723695755,AI
ai_0161.jpg,AI,0.006432563066482544,REAL
ai_0162.jpg,AI,0.26792311668395996,REAL
ai_0163.jpg,AI,0.7900111079216003,AI
ai_0164.jpg,AI,0.05416158586740494,REAL
ai_0165.jpg,AI,0.019580865278840065,REAL
ai_0166.jpg,AI,0.08044430613517761,REAL
ai_0167.jpg,AI,0.9993971586227417,AI
ai_0168.jpg,AI,0.028107909485697746,REAL
ai_0169.jpg,AI,0.6176559925079346,AI
ai_0170.jpg,AI,0.17877724766731262,REAL
ai_0171.jpg,AI,0.1526995599269867,REAL
ai_0172.jpg,AI,0.0024372844491153955,REAL
ai_0173.jpg,AI,0.770138144493103,AI
ai_0174.jpg,AI,0.31255006790161133,REAL
ai_0175.jpg,AI,0.6432520151138306,AI
ai_0176.jpg,AI,0.6186938285827637,AI
ai_0177.jpg,AI,0.89145427942276,AI
ai_0178.jpg,AI,0.9998971223831177,AI
ai_0179.jpg,AI,0.9052269458770752,AI
ai_0180.jpg,AI,0.7062284350395203,AI
ai_0181.jpg,AI,0.953792929649353,AI
ai_0182.jpg,AI,0.9999984502792358,AI
ai_0183.jpg,AI,0.40270957350730896,AI
ai_0184.jpg,AI,0.8379366397857666,AI
ai_0185.jpg,AI,0.9990254640579224,AI
ai_0186.jpg,AI,0.9782164096832275,AI
ai_0187.jpg,AI,0.999728262424469,AI
ai_0188.jpg,AI,0.9722225069999695,AI
ai_0189.jpg,AI,0.9946029782295227,AI
ai_0190.jpg,AI,0.970680832862854,AI
ai_0191.jpg,AI,0.9817010760307312,AI
ai_0192.jpg,AI,0.9392576813697815,AI
ai_0193.jpg,AI,0.834760844707489,AI
ai_0194.jpg,AI,0.5441570281982422,AI
ai_0195.jpg,AI,0.9999463558197021,AI
ai_0196.jpg,AI,0.9997393488883972,AI
ai_0197.jpg,AI,0.9865329265594482,AI
ai_0198.jpg,AI,0.0574239157140255,REAL
ai_0199.jpg,AI,0.386881947517395,AI
ai_0200.jpg,AI,0.9991950392723083,AI
ai_0201.jpg,AI,0.9726109504699707,AI
ai_0202.jpg,AI,0.9999973773956299,AI
ai_0203.jpg,AI,0.5165040493011475,AI
ai_0204.jpg,AI,0.03553566709160805,REAL
ai_0205.jpg,AI,0.9947733283042908,AI
ai_0206.jpg,AI,0.40050208568573,AI
ai_0207.jpg,AI,0.6815834045410156,AI
ai_0208.jpg,AI,0.1665121465921402,REAL
ai_0209.jpg,AI,0.7020142674446106,AI
ai_0210.jpg,AI,0.6109601259231567,AI
ai_0211.jpg,AI,0.9943960905075073,AI
ai_0212.jpg,AI,0.003975863568484783,REAL
ai_0213.jpg,AI,0.9993910789489746,AI
ai_0214.jpg,AI,0.9740021228790283,AI
ai_0215.jpg,AI,0.999982476234436,AI
ai_0216.jpg,AI,0.4983929991722107,AI
ai_0217.jpg,AI,0.9971792697906494,AI
ai_0218.jpg,AI,0.21887654066085815,REAL
ai_0219.jpg,AI,0.9957749247550964,AI
ai_0220.jpg,AI,0.8917761445045471,AI
ai_0221.jpg,AI,0.9998007416725159,AI
ai_0222.jpg,AI,0.4245004653930664,AI
ai_0223.jpg,AI,0.044813212007284164,REAL
ai_0224.jpg,AI,0.9999932050704956,AI
ai_0225.jpg,AI,0.9984276294708252,AI
ai_0226.jpg,AI,0.9806522130966187,AI
ai_0227.jpg,AI,0.9745962023735046,AI
ai_0228.jpg,AI,0.978769063949585,AI
ai_0229.jpg,AI,0.9998278617858887,AI
ai_0230.jpg,AI,0.4543328881263733,AI
ai_0231.jpg,AI,0.9765058159828186,AI
ai_0232.jpg,AI,0.9501656889915466,AI
ai_0233.jpg,AI,0.9866689443588257,AI
ai_0234.jpg,AI,0.0040244595147669315,REAL
ai_0235.jpg,AI,0.9999986886978149,AI
ai_0236.jpg,AI,0.8825640678405762,AI
ai_0237.jpg,AI,0.923885703086853,AI
ai_0238.jpg,AI,0.9957477450370789,AI
ai_0239.jpg,AI,0.21906693279743195,REAL
ai_0240.jpg,AI,0.9912753105163574,AI
ai_0241.jpg,AI,0.9850949048995972,AI
ai_0242.jpg,AI,0.3197990357875824,REAL
ai_0243.jpg,AI,0.3532220423221588,AI
ai_0244.jpg,AI,0.5803854465484619,AI
ai_0245.jpg,AI,0.999148964881897,AI
ai_0246.jpg,AI,0.932019829750061,AI
ai_0247.jpg,AI,0.9981030225753784,AI
ai_0248.jpg,AI,0.42955097556114197,AI
ai_0249.jpg,AI,0.9813411235809326,AI
ai_0250.jpg,AI,0.5226298570632935,AI
ai_0251.jpg,AI,0.7491518259048462,AI
ai_0252.jpg,AI,0.9815048575401306,AI
ai_0253.jpg,AI,0.251130074262619,REAL
ai_0254.jpg,AI,0.8381772637367249,AI
ai_0255.jpg,AI,0.9800891876220703,AI
ai_0256.jpg,AI,0.4482996463775635,AI
ai_0257.jpg,AI,0.8769656419754028,AI
ai_0258.jpg,AI,0.8373622298240662,AI
ai_0259.jpg,AI,0.007796760648488998,REAL
ai_0260.jpg,AI,0.333476722240448,REAL
ai_0261.jpg,AI,0.03388923406600952,REAL
ai_0262.jpg,AI,0.0036635082215070724,REAL
ai_0263.jpg,AI,0.3563917577266693,AI
ai_0264.jpg,AI,0.9958744645118713,AI
ai_0265.jpg,AI,0.8146123290061951,AI
ai_0266.jpg,AI,0.9971421360969543,AI
ai_0267.jpg,AI,0.982040524482727,AI
ai_0268.jpg,AI,0.7508266568183899,AI
ai_0269.jpg,AI,0.026897640898823738,REAL
ai_0270.jpg,AI,0.15004859864711761,REAL
ai_0271.jpg,AI,0.9901809692382812,AI
ai_0272.jpg,AI,0.9261974096298218,AI
ai_0273.jpg,AI,0.4801112115383148,AI
ai_0274.jpg,AI,0.8822507858276367,AI
ai_0275.jpg,AI,0.9981014132499695,AI
ai_0276.jpg,AI,0.9957291483879089,AI
ai_0277.jpg,AI,0.33584046363830566,REAL
ai_0278.jpg,AI,0.007172826677560806,REAL
ai_0279.jpg,AI,0.9844457507133484,AI
ai_0280.jpg,AI,0.7331294417381287,AI
ai_0281.jpg,AI,0.9937718510627747,AI
ai_0282.jpg,AI,0.973167896270752,AI
ai_0283.jpg,AI,0.7800692915916443,AI
ai_0284.jpg,AI,0.9877503514289856,AI
ai_0285.jpg,AI,0.9962218999862671,AI
ai_0286.jpg,AI,0.02026258409023285,REAL
ai_0287.jpg,AI,0.022338325157761574,REAL
ai_0288.jpg,AI,0.9490020871162415,AI
ai_0289.jpg,AI,0.7371069192886353,AI
ai_0290.jpg,AI,0.9427987933158875,AI
ai_0291.jpg,AI,0.19907528162002563,REAL
ai_0292.jpg,AI,0.9996854066848755,AI
ai_0293.jpg,AI,0.9996424913406372,AI
ai_0294.jpg,AI,0.08067182451486588,REAL
ai_0295.jpg,AI,0.9669477343559265,AI
ai_0296.jpg,AI,0.999950647354126,AI
ai_0297.jpg,AI,0.9848708510398865,AI
ai_0298.jpg,AI,0.07681898772716522,REAL
ai_0299.jpg,AI,0.7443270683288574,AI
ai_0300.jpg,AI,0.9947887659072876,AI
ai_0301.jpg,AI,0.0114930784329772,REAL
ai_0302.jpg,AI,0.0378357358276844,REAL
ai_0303.jpg,AI,0.857387125492096,AI
ai_0304.jpg,AI,0.2927567660808563,REAL
ai_0305.jpg,AI,0.17368049919605255,REAL
ai_0306.jpg,AI,0.5122019648551941,AI
ai_0307.jpg,AI,0.9995915293693542,AI
ai_0308.jpg,AI,0.9998077750205994,AI
ai_0309.jpg,AI,0.9984847903251648,AI
ai_0310.jpg,AI,0.9999750852584839,AI
ai_0311.jpg,AI,0.9133708477020264,AI
ai_0312.jpg,AI,0.9970044493675232,AI
ai_0313.jpg,AI,0.4788467586040497,AI
ai_0314.jpg,AI,0.0004294005921110511,REAL
ai_0315.jpg,AI,0.2727212607860565,REAL
ai_0316.jpg,AI,0.9378873705863953,AI
ai_0317.jpg,AI,0.998084545135498,AI
ai_0318.jpg,AI,0.23513372242450714,REAL
ai_0319.jpg,AI,0.011203574948012829,REAL
ai_0320.jpg,AI,0.0012319396482780576,REAL
ai_0321.jpg,AI,0.7289064526557922,AI
ai_0322.jpg,AI,0.86970055103302,AI
ai_0323.jpg,AI,0.9245246648788452,AI
ai_0324.jpg,AI,0.9916702508926392,AI
ai_0325.jpg,AI,0.22001516819000244,REAL
ai_0326.jpg,AI,0.9866440892219543,AI
ai_0327.jpg,AI,0.38668093085289,AI
ai_0328.jpg,AI,0.0037196706980466843,REAL
ai_0329.jpg,AI,0.08404368907213211,REAL
ai_0330.jpg,AI,0.2010115534067154,REAL
ai_0331.jpg,AI,0.8859102725982666,AI
ai_0332.jpg,AI,0.9995487332344055,AI
ai_0333.jpg,AI,0.9962716102600098,AI
ai_0334.jpg,AI,0.9999885559082031,AI
ai_0335.jpg,AI,0.9994970560073853,AI
ai_0336.jpg,AI,0.991040050983429,AI
ai_0337.jpg,AI,0.999093770980835,AI
ai_0338.jpg,AI,0.5886672735214233,AI
ai_0339.jpg,AI,0.8405417799949646,AI
ai_0340.jpg,AI,0.10311171412467957,REAL
ai_0341.jpg,AI,0.9998549222946167,AI
ai_0342.jpg,AI,0.6774256229400635,AI
ai_0343.jpg,AI,0.002680855803191662,REAL
ai_0344.jpg,AI,0.999488115310669,AI
ai_0345.jpg,AI,0.9850426912307739,AI
ai_0346.jpg,AI,0.9458083510398865,AI
ai_0347.jpg,AI,0.9993637204170227,AI
ai_0348.jpg,AI,0.9939250349998474,AI
ai_0349.jpg,AI,0.0012934068217873573,REAL
ai_0350.jpg,AI,0.9993439316749573,AI
ai_0351.jpg,AI,0.971450686454773,AI
ai_0352.jpg,AI,0.9449909329414368,AI
ai_0353.jpg,AI,0.2665564715862274,REAL
ai_0354.jpg,AI,0.14030689001083374,REAL
ai_0355.jpg,AI,0.7388197779655457,AI
ai_0356.jpg,AI,0.9439372420310974,AI
ai_0357.jpg,AI,0.6306056976318359,AI
ai_0358.jpg,AI,0.8831923604011536,AI
ai_0359.jpg,AI,0.9976147413253784,AI
ai_0360.jpg,AI,0.9324876666069031,AI
ai_0361.jpg,AI,0.03314907103776932,REAL
ai_0362.jpg,AI,0.47658300399780273,AI
ai_0363.jpg,AI,0.9999533891677856,AI
ai_0364.jpg,AI,0.9999363422393799,AI
ai_0365.jpg,AI,0.9225655198097229,AI
ai_0366.jpg,AI,0.9831231236457825,AI
ai_0367.jpg,AI,0.15696202218532562,REAL
ai_0368.jpg,AI,0.11345737427473068,REAL
ai_0369.jpg,AI,0.958651602268219,AI
ai_0370.jpg,AI,0.9980854988098145,AI
ai_0371.jpg,AI,0.0017339305486530066,REAL
ai_0372.jpg,AI,0.8248706459999084,AI
ai_0373.jpg,AI,0.6048868298530579,AI
ai_0374.jpg,AI,0.999640703201294,AI
ai_0375.jpg,AI,0.9894376993179321,AI
ai_0376.jpg,AI,0.9972906708717346,AI
ai_0377.jpg,AI,0.6375669836997986,AI
ai_0378.jpg,AI,0.9635645747184753,AI
ai_0379.jpg,AI,0.9472189545631409,AI
ai_0380.jpg,AI,0.07765627652406693,REAL
ai_0381.jpg,AI,0.5951410531997681,AI
ai_0382.jpg,AI,0.9992375373840332,AI
ai_0383.jpg,AI,0.9986843466758728,AI
ai_0384.jpg,AI,0.9999899864196777,AI
ai_0385.jpg,AI,0.4203002452850342,AI
ai_0386.jpg,AI,0.2509283423423767,REAL
ai_0387.jpg,AI,0.0882156640291214,REAL
ai_0388.jpg,AI,0.6444849371910095,AI
ai_0389.jpg,AI,0.7165068984031677,AI
ai_0390.jpg,AI,0.775740921497345,AI
ai_0391.jpg,AI,0.8797005414962769,AI
ai_0392.jpg,AI,0.996852695941925,AI
ai_0393.jpg,AI,0.99866783618927,AI
ai_0394.jpg,AI,0.7435673475265503,AI
ai_0395.jpg,AI,0.8775840997695923,AI
ai_0396.jpg,AI,0.8881168961524963,AI
ai_0397.jpg,AI,0.9232698082923889,AI
ai_0398.jpg,AI,0.9637864232063293,AI
ai_0399.jpg,AI,0.11275100708007812,REAL
ai_0400.jpg,AI,0.07604841887950897,REAL
ai_0401.jpg,AI,0.0048684729263186455,REAL
ai_0402.jpg,AI,0.9982689619064331,AI
ai_0403.jpg,AI,0.042116764932870865,REAL
ai_0404.jpg,AI,0.9954741597175598,AI
ai_0405.jpg,AI,0.9908909201622009,AI
ai_0406.jpg,AI,0.9998937845230103,AI
ai_0407.jpg,AI,0.9401434063911438,AI
ai_0408.jpg,AI,0.7587425708770752,AI
ai_0409.jpg,AI,0.9779967665672302,AI
ai_0410.jpg,AI,0.9864472150802612,AI
ai_0411.jpg,AI,0.9935943484306335,AI
ai_0412.jpg,AI,0.9981866478919983,AI
ai_0413.jpg,AI,0.9933679699897766,AI
ai_0414.jpg,AI,0.3794042468070984,AI
ai_0415.jpg,AI,0.007907452061772346,REAL
ai_0416.jpg,AI,0.7035562992095947,AI
ai_0417.jpg,AI,0.9673049449920654,AI
ai_0418.jpg,AI,0.9969679713249207,AI
ai_0419.jpg,AI,0.6781294941902161,AI
ai_0420.jpg,AI,0.9998013377189636,AI
ai_0421.jpg,AI,0.8320863842964172,AI
ai_0422.jpg,AI,0.9035584926605225,AI
ai_0423.jpg,AI,0.9940449595451355,AI
ai_0424.jpg,AI,0.7479121685028076,AI
ai_0425.jpg,AI,0.9679592847824097,AI
ai_0426.jpg,AI,0.9968274235725403,AI
ai_0427.jpg,AI,0.20161959528923035,REAL
ai_0428.jpg,AI,0.9843710064888,AI
ai_0429.jpg,AI,0.974821150302887,AI
ai_0430.jpg,AI,0.31433331966400146,REAL
ai_0431.jpg,AI,0.2132430523633957,REAL
ai_0432.jpg,AI,0.021785946562886238,REAL
ai_0433.jpg,AI,0.9991191029548645,AI
ai_0434.jpg,AI,0.01143020298331976,REAL
ai_0435.jpg,AI,0.9754353165626526,AI
ai_0436.jpg,AI,0.9866086840629578,AI
ai_0437.jpg,AI,0.9994409680366516,AI
ai_0438.jpg,AI,0.9781180024147034,AI
ai_0439.jpg,AI,0.6563386917114258,AI
ai_0440.jpg,AI,0.7689602971076965,AI
ai_0441.jpg,AI,0.916966438293457,AI
ai_0442.jpg,AI,0.6786346435546875,AI
ai_0443.jpg,AI,0.807274341583252,AI
ai_0444.jpg,AI,0.988719642162323,AI
ai_0445.jpg,AI,0.03398548811674118,REAL
ai_0446.jpg,AI,0.04352869465947151,REAL
ai_0447.jpg,AI,0.9998931884765625,AI
ai_0448.jpg,AI,0.07054727524518967,REAL
ai_0449.jpg,AI,0.9997071623802185,AI
ai_0450.jpg,AI,0.9990839958190918,AI
ai_0451.jpg,AI,0.0032081068493425846,REAL
ai_0452.jpg,AI,0.7154566645622253,AI
ai_0453.jpg,AI,0.9994619488716125,AI
ai_0454.jpg,AI,0.7367899417877197,AI
ai_0455.jpg,AI,0.0009934107074514031,REAL
ai_0456.jpg,AI,0.9856353998184204,AI
ai_0457.jpg,AI,0.0006825656746514142,REAL
ai_0458.jpg,AI,0.9889735579490662,AI
ai_0459.jpg,AI,0.1192491352558136,REAL
ai_0460.jpg,AI,0.994629979133606,AI
ai_0461.jpg,AI,0.5380699634552002,AI
ai_0462.jpg,AI,0.013712391257286072,REAL
ai_0463.jpg,AI,0.992695689201355,AI
ai_0464.jpg,AI,0.9218569397926331,AI
ai_0465.jpg,AI,0.9986808896064758,AI
ai_0466.jpg,AI,0.7117332220077515,AI
ai_0467.jpg,AI,0.8067858815193176,AI
ai_0468.jpg,AI,0.998336672782898,AI
ai_0469.jpg,AI,0.9504358768463135,AI
ai_0470.jpg,AI,0.1841297149658203,REAL
ai_0471.jpg,AI,0.9854234457015991,AI
ai_0472.jpg,AI,0.52043616771698,AI
ai_0473.jpg,AI,0.7813864946365356,AI
ai_0474.jpg,AI,0.06213534623384476,REAL
ai_0475.jpg,AI,0.23794439435005188,REAL
ai_0476.jpg,AI,0.9034060835838318,AI
ai_0477.jpg,AI,0.48326238989830017,AI
ai_0478.jpg,AI,0.9979719519615173,AI
ai_0479.jpg,AI,0.9948203563690186,AI
ai_0480.jpg,AI,0.049240294843912125,REAL
ai_0481.jpg,AI,0.07504959404468536,REAL
ai_0482.jpg,AI,0.44244909286499023,AI
ai_0483.jpg,AI,0.9881080985069275,AI
ai_0484.jpg,AI,0.0025565712712705135,REAL
ai_0485.jpg,AI,0.8322494029998779,AI
ai_0486.jpg,AI,0.9939170479774475,AI
ai_0487.jpg,AI,0.06456650048494339,REAL
ai_0488.jpg,AI,0.9886232614517212,AI
ai_0489.jpg,AI,0.9745928049087524,AI
ai_0490.jpg,AI,0.7638253569602966,AI
ai_0491.jpg,AI,0.9960783123970032,AI
ai_0492.jpg,AI,0.9976145029067993,AI
ai_0493.jpg,AI,0.23638246953487396,REAL
ai_0494.jpg,AI,0.7072961926460266,AI
ai_0495.jpg,AI,0.06450022011995316,REAL
ai_0496.jpg,AI,0.9998394250869751,AI
ai_0497.jpg,AI,0.05747431516647339,REAL
ai_0498.jpg,AI,0.8488226532936096,AI
ai_0499.jpg,AI,0.3876824676990509,AI
ai_0500.jpg,AI,0.9474676847457886,AI
